{
  "total_specimens": 500,
  "successful_extractions": 500,
  "failed_extractions": 0,
  "success_rate": 1.0,
  "field_coverage": {
    "catalogNumber": 477,
    "scientificName": 490,
    "eventDate": 427,
    "recordedBy": 430,
    "locality": 426,
    "habitat": 371,
    "stateProvince": 426,
    "country": 428,
    "minimumElevationInMeters": 33,
    "recordNumber": 23,
    "elevationInMeters": 1,
    "elevation": 5,
    "error": 1,
    "recordedByAdditional": 1
  },
  "field_coverage_percentage": {
    "catalogNumber": 95.39999999999999,
    "scientificName": 98.0,
    "eventDate": 85.39999999999999,
    "recordedBy": 86.0,
    "locality": 85.2,
    "habitat": 74.2,
    "stateProvince": 85.2,
    "country": 85.6,
    "minimumElevationInMeters": 6.6000000000000005,
    "recordNumber": 4.6,
    "elevationInMeters": 0.2,
    "elevation": 1.0,
    "error": 0.2,
    "recordedByAdditional": 0.2
  },
  "average_confidence": {
    "catalogNumber": 0.8261006289308119,
    "scientificName": 0.8656122448979541,
    "eventDate": 0.8827868852458957,
    "recordedBy": 0.8730232558139491,
    "locality": 0.8686619718309814,
    "habitat": 0.7768194070080865,
    "stateProvince": 0.9719483568075117,
    "country": 0.9804906542056075,
    "minimumElevationInMeters": 0.8469696969696975,
    "recordNumber": 0.7804347826086958,
    "elevationInMeters": 0.85,
    "elevation": 0.85,
    "error": 0.5,
    "recordedByAdditional": 0.9
  }
}
